"id","PID","Reaction","UID","not_status","date"
"1","2","like","17",,"2024-05-31 22:14:04"
"2","3","like","17",,"2024-05-31 22:14:37"
"3","5","like","17",,"2024-05-31 22:26:28"
"4","20","like","17",,"2024-05-31 22:26:34"
"6","1","like","17",,"2024-05-31 22:33:13"
"7","9","like","17",,"2024-05-31 22:37:37"
"8","21","like","18",,"2024-05-31 22:51:23"
"9","20","like","18",,"2024-05-31 22:51:30"
"10","19","like","18",,"2024-05-31 22:51:34"
"24","1","like","19",,"2024-06-06 02:18:03"
"25","23","like","19",,"2024-06-06 10:39:36"
"26","21","like","19",,"2024-06-06 10:39:40"
"27","9","like","19",,"2024-06-06 10:39:47"
"28","6","like","19",,"2024-06-06 10:39:49"
"29","5","like","19",,"2024-06-06 10:39:57"
"31","19","like","2",,"2024-06-06 12:58:02"
"36","3","like","16",,"2024-07-05 22:32:52"
"37","4","like","17",,"2024-07-06 18:22:20"
"38","4","like","19",,"2024-07-08 01:14:25"
"39","2","like","19",,"2024-07-08 01:14:44"
